JOB_TITLE,COMPANY_NAME,LOCATION,APPLY_LINK,LEARN_LINK,POST_DATE,RUN_DATE
Senior Python Developer,"Payne, Roberts and Davis","Stewartbury, AA",https://realpython.github.io/fake-jobs/jobs/senior-python-developer-0.html,https://www.realpython.com,2021-04-08,2026-03-28T03:28:18.173247
Energy engineer,Vasquez-Davidson,"Christopherville, AA",https://realpython.github.io/fake-jobs/jobs/energy-engineer-1.html,https://www.realpython.com,2021-04-08,2026-03-28T03:28:18.173247
Legal executive,"Jackson, Chambers and Levy","Port Ericaburgh, AA",https://realpython.github.io/fake-jobs/jobs/legal-executive-2.html,https://www.realpython.com,2021-04-08,2026-03-28T03:28:18.173247
Fitness centre manager,Savage-Bradley,"East Seanview, AP",https://realpython.github.io/fake-jobs/jobs/fitness-centre-manager-3.html,https://www.realpython.com,2021-04-08,2026-03-28T03:28:18.173247
Product manager,Ramirez Inc,"North Jamieview, AP",https://realpython.github.io/fake-jobs/jobs/product-manager-4.html,https://www.realpython.com,2021-04-08,2026-03-28T03:28:18.173247
Medical technical officer,Rogers-Yates,"Davidville, AP",https://realpython.github.io/fake-jobs/jobs/medical-technical-officer-5.html,https://www.realpython.com,2021-04-08,2026-03-28T03:28:18.173247
Physiological scientist,Kramer-Klein,"South Christopher, AE",https://realpython.github.io/fake-jobs/jobs/physiological-scientist-6.html,https://www.realpython.com,2021-04-08,2026-03-28T03:28:18.173247
Textile designer,Meyers-Johnson,"Port Jonathan, AE",https://realpython.github.io/fake-jobs/jobs/textile-designer-7.html,https://www.realpython.com,2021-04-08,2026-03-28T03:28:18.173247
Television floor manager,Hughes-Williams,"Osbornetown, AE",https://realpython.github.io/fake-jobs/jobs/television-floor-manager-8.html,https://www.realpython.com,2021-04-08,2026-03-28T03:28:18.173247
Waste management officer,"Jones, Williams and Villa","Scotttown, AP",https://realpython.github.io/fake-jobs/jobs/waste-management-officer-9.html,https://www.realpython.com,2021-04-08,2026-03-28T03:28:18.173247
Software Engineer (Python),Garcia PLC,"Ericberg, AE",https://realpython.github.io/fake-jobs/jobs/software-engineer-python-10.html,https://www.realpython.com,2021-04-08,2026-03-28T03:28:18.173247
Interpreter,Gregory and Sons,"Ramireztown, AE",https://realpython.github.io/fake-jobs/jobs/interpreter-11.html,https://www.realpython.com,2021-04-08,2026-03-28T03:28:18.173247
Architect,"Clark, Garcia and Sosa","Figueroaview, AA",https://realpython.github.io/fake-jobs/jobs/architect-12.html,https://www.realpython.com,2021-04-08,2026-03-28T03:28:18.173247
Meteorologist,Bush PLC,"Kelseystad, AA",https://realpython.github.io/fake-jobs/jobs/meteorologist-13.html,https://www.realpython.com,2021-04-08,2026-03-28T03:28:18.173247
Audiological scientist,Salazar-Meyers,"Williamsburgh, AE",https://realpython.github.io/fake-jobs/jobs/audiological-scientist-14.html,https://www.realpython.com,2021-04-08,2026-03-28T03:28:18.173247
English as a second language teacher,"Parker, Murphy and Brooks","Mitchellburgh, AE",https://realpython.github.io/fake-jobs/jobs/english-as-a-second-language-teacher-15.html,https://www.realpython.com,2021-04-08,2026-03-28T03:28:18.173247
Surgeon,Cruz-Brown,"West Jessicabury, AA",https://realpython.github.io/fake-jobs/jobs/surgeon-16.html,https://www.realpython.com,2021-04-08,2026-03-28T03:28:18.173247
Equities trader,Macdonald-Ferguson,"Maloneshire, AE",https://realpython.github.io/fake-jobs/jobs/equities-trader-17.html,https://www.realpython.com,2021-04-08,2026-03-28T03:28:18.173247
Newspaper journalist,"Williams, Peterson and Rojas","Johnsonton, AA",https://realpython.github.io/fake-jobs/jobs/newspaper-journalist-18.html,https://www.realpython.com,2021-04-08,2026-03-28T03:28:18.173247
Materials engineer,Smith and Sons,"South Davidtown, AP",https://realpython.github.io/fake-jobs/jobs/materials-engineer-19.html,https://www.realpython.com,2021-04-08,2026-03-28T03:28:18.173247
Python Programmer (Entry-Level),"Moss, Duncan and Allen","Port Sara, AE",https://realpython.github.io/fake-jobs/jobs/python-programmer-entry-level-20.html,https://www.realpython.com,2021-04-08,2026-03-28T03:28:18.173247
Product/process development scientist,Gomez-Carroll,"Marktown, AA",https://realpython.github.io/fake-jobs/jobs/product-process-development-scientist-21.html,https://www.realpython.com,2021-04-08,2026-03-28T03:28:18.173247
"Scientist, research (maths)","Manning, Welch and Herring","Laurenland, AE",https://realpython.github.io/fake-jobs/jobs/scientist-research-maths-22.html,https://www.realpython.com,2021-04-08,2026-03-28T03:28:18.173247
Ecologist,"Lee, Gutierrez and Brown","Lauraton, AP",https://realpython.github.io/fake-jobs/jobs/ecologist-23.html,https://www.realpython.com,2021-04-08,2026-03-28T03:28:18.173247
Materials engineer,"Davis, Serrano and Cook","South Tammyberg, AP",https://realpython.github.io/fake-jobs/jobs/materials-engineer-24.html,https://www.realpython.com,2021-04-08,2026-03-28T03:28:18.173247
Historic buildings inspector/conservation officer,Smith LLC,"North Brandonville, AP",https://realpython.github.io/fake-jobs/jobs/historic-buildings-inspector-conservation-officer-25.html,https://www.realpython.com,2021-04-08,2026-03-28T03:28:18.173247
Data scientist,Thomas Group,"Port Robertfurt, AA",https://realpython.github.io/fake-jobs/jobs/data-scientist-26.html,https://www.realpython.com,2021-04-08,2026-03-28T03:28:18.173247
Psychiatrist,Silva-King,"Burnettbury, AE",https://realpython.github.io/fake-jobs/jobs/psychiatrist-27.html,https://www.realpython.com,2021-04-08,2026-03-28T03:28:18.173247
Structural engineer,Pierce-Long,"Herbertside, AA",https://realpython.github.io/fake-jobs/jobs/structural-engineer-28.html,https://www.realpython.com,2021-04-08,2026-03-28T03:28:18.173247
Immigration officer,Walker-Simpson,"Christopherport, AP",https://realpython.github.io/fake-jobs/jobs/immigration-officer-29.html,https://www.realpython.com,2021-04-08,2026-03-28T03:28:18.173247
Python Programmer (Entry-Level),Cooper and Sons,"West Victor, AE",https://realpython.github.io/fake-jobs/jobs/python-programmer-entry-level-30.html,https://www.realpython.com,2021-04-08,2026-03-28T03:28:18.173247
Neurosurgeon,"Donovan, Gonzalez and Figueroa","Port Aaron, AP",https://realpython.github.io/fake-jobs/jobs/neurosurgeon-31.html,https://www.realpython.com,2021-04-08,2026-03-28T03:28:18.173247
Broadcast engineer,"Morgan, Butler and Bennett","Loribury, AA",https://realpython.github.io/fake-jobs/jobs/broadcast-engineer-32.html,https://www.realpython.com,2021-04-08,2026-03-28T03:28:18.173247
Make,Snyder-Lee,"Angelastad, AP",https://realpython.github.io/fake-jobs/jobs/make-33.html,https://www.realpython.com,2021-04-08,2026-03-28T03:28:18.173247
"Nurse, adult",Harris PLC,"Larrytown, AE",https://realpython.github.io/fake-jobs/jobs/nurse-adult-34.html,https://www.realpython.com,2021-04-08,2026-03-28T03:28:18.173247
Air broker,Washington PLC,"West Colin, AP",https://realpython.github.io/fake-jobs/jobs/air-broker-35.html,https://www.realpython.com,2021-04-08,2026-03-28T03:28:18.173247
"Editor, film/video","Brown, Price and Campbell","West Stephanie, AP",https://realpython.github.io/fake-jobs/jobs/editor-film-video-36.html,https://www.realpython.com,2021-04-08,2026-03-28T03:28:18.173247
"Production assistant, radio",Mcgee PLC,"Laurentown, AP",https://realpython.github.io/fake-jobs/jobs/production-assistant-radio-37.html,https://www.realpython.com,2021-04-08,2026-03-28T03:28:18.173247
"Engineer, communications",Dixon Inc,"Wrightberg, AP",https://realpython.github.io/fake-jobs/jobs/engineer-communications-38.html,https://www.realpython.com,2021-04-08,2026-03-28T03:28:18.173247
Sales executive,"Thompson, Sheppard and Ward","Alberttown, AE",https://realpython.github.io/fake-jobs/jobs/sales-executive-39.html,https://www.realpython.com,2021-04-08,2026-03-28T03:28:18.173247
Software Developer (Python),Adams-Brewer,"Brockburgh, AE",https://realpython.github.io/fake-jobs/jobs/software-developer-python-40.html,https://www.realpython.com,2021-04-08,2026-03-28T03:28:18.173247
Futures trader,Schneider-Brady,"North Jason, AE",https://realpython.github.io/fake-jobs/jobs/futures-trader-41.html,https://www.realpython.com,2021-04-08,2026-03-28T03:28:18.173247
Tour manager,Gonzales-Frank,"Arnoldhaven, AE",https://realpython.github.io/fake-jobs/jobs/tour-manager-42.html,https://www.realpython.com,2021-04-08,2026-03-28T03:28:18.173247
Cytogeneticist,Smith-Wong,"Lake Destiny, AP",https://realpython.github.io/fake-jobs/jobs/cytogeneticist-43.html,https://www.realpython.com,2021-04-08,2026-03-28T03:28:18.173247
"Designer, multimedia",Pierce-Herrera,"South Timothyburgh, AP",https://realpython.github.io/fake-jobs/jobs/designer-multimedia-44.html,https://www.realpython.com,2021-04-08,2026-03-28T03:28:18.173247
Trade union research officer,"Aguilar, Rivera and Quinn","New Jimmyton, AE",https://realpython.github.io/fake-jobs/jobs/trade-union-research-officer-45.html,https://www.realpython.com,2021-04-08,2026-03-28T03:28:18.173247
"Chemist, analytical","Lowe, Barnes and Thomas","New Lucasbury, AP",https://realpython.github.io/fake-jobs/jobs/chemist-analytical-46.html,https://www.realpython.com,2021-04-08,2026-03-28T03:28:18.173247
"Programmer, multimedia","Lewis, Gonzalez and Vasquez","Port Cory, AE",https://realpython.github.io/fake-jobs/jobs/programmer-multimedia-47.html,https://www.realpython.com,2021-04-08,2026-03-28T03:28:18.173247
"Engineer, broadcasting (operations)",Taylor PLC,"Gileston, AA",https://realpython.github.io/fake-jobs/jobs/engineer-broadcasting-operations-48.html,https://www.realpython.com,2021-04-08,2026-03-28T03:28:18.173247
"Teacher, primary school","Oliver, Jones and Ramirez","Cindyshire, AA",https://realpython.github.io/fake-jobs/jobs/teacher-primary-school-49.html,https://www.realpython.com,2021-04-08,2026-03-28T03:28:18.173247
Python Developer,Rivera and Sons,"East Michaelfort, AA",https://realpython.github.io/fake-jobs/jobs/python-developer-50.html,https://www.realpython.com,2021-04-08,2026-03-28T03:28:18.173247
Manufacturing systems engineer,Garcia PLC,"Joybury, AE",https://realpython.github.io/fake-jobs/jobs/manufacturing-systems-engineer-51.html,https://www.realpython.com,2021-04-08,2026-03-28T03:28:18.173247
"Producer, television/film/video","Johnson, Wells and Kramer","Emmatown, AE",https://realpython.github.io/fake-jobs/jobs/producer-television-film-video-52.html,https://www.realpython.com,2021-04-08,2026-03-28T03:28:18.173247
"Scientist, forensic",Gonzalez LLC,"Colehaven, AP",https://realpython.github.io/fake-jobs/jobs/scientist-forensic-53.html,https://www.realpython.com,2021-04-08,2026-03-28T03:28:18.173247
Bonds trader,"Morgan, White and Macdonald","Port Coryton, AE",https://realpython.github.io/fake-jobs/jobs/bonds-trader-54.html,https://www.realpython.com,2021-04-08,2026-03-28T03:28:18.173247
Editorial assistant,Robinson-Fitzpatrick,"Amyborough, AA",https://realpython.github.io/fake-jobs/jobs/editorial-assistant-55.html,https://www.realpython.com,2021-04-08,2026-03-28T03:28:18.173247
Photographer,"Waters, Wilson and Hoover","Reynoldsville, AA",https://realpython.github.io/fake-jobs/jobs/photographer-56.html,https://www.realpython.com,2021-04-08,2026-03-28T03:28:18.173247
Retail banker,Hill LLC,"Port Billy, AP",https://realpython.github.io/fake-jobs/jobs/retail-banker-57.html,https://www.realpython.com,2021-04-08,2026-03-28T03:28:18.173247
Jewellery designer,Li-Gregory,"Adamburgh, AA",https://realpython.github.io/fake-jobs/jobs/jewellery-designer-58.html,https://www.realpython.com,2021-04-08,2026-03-28T03:28:18.173247
Ophthalmologist,"Fisher, Ryan and Coleman","Wilsonmouth, AA",https://realpython.github.io/fake-jobs/jobs/ophthalmologist-59.html,https://www.realpython.com,2021-04-08,2026-03-28T03:28:18.173247
"Back-End Web Developer (Python, Django)",Stewart-Alexander,"South Kimberly, AA",https://realpython.github.io/fake-jobs/jobs/back-end-web-developer-python-django-60.html,https://www.realpython.com,2021-04-08,2026-03-28T03:28:18.173247
Licensed conveyancer,Abbott and Sons,"Benjaminland, AP",https://realpython.github.io/fake-jobs/jobs/licensed-conveyancer-61.html,https://www.realpython.com,2021-04-08,2026-03-28T03:28:18.173247
Futures trader,"Bryant, Santana and Davenport","Zacharyport, AA",https://realpython.github.io/fake-jobs/jobs/futures-trader-62.html,https://www.realpython.com,2021-04-08,2026-03-28T03:28:18.173247
Counselling psychologist,Smith PLC,"Port Devonville, AE",https://realpython.github.io/fake-jobs/jobs/counselling-psychologist-63.html,https://www.realpython.com,2021-04-08,2026-03-28T03:28:18.173247
Insurance underwriter,Patterson-Singh,"East Thomas, AE",https://realpython.github.io/fake-jobs/jobs/insurance-underwriter-64.html,https://www.realpython.com,2021-04-08,2026-03-28T03:28:18.173247
"Engineer, automotive",Martinez-Berry,"New Jeffrey, AP",https://realpython.github.io/fake-jobs/jobs/engineer-automotive-65.html,https://www.realpython.com,2021-04-08,2026-03-28T03:28:18.173247
"Producer, radio","May, Taylor and Fisher","Davidside, AA",https://realpython.github.io/fake-jobs/jobs/producer-radio-66.html,https://www.realpython.com,2021-04-08,2026-03-28T03:28:18.173247
Dispensing optician,"Bailey, Owen and Thompson","Jamesville, AA",https://realpython.github.io/fake-jobs/jobs/dispensing-optician-67.html,https://www.realpython.com,2021-04-08,2026-03-28T03:28:18.173247
"Designer, fashion/clothing",Vasquez Ltd,"New Kelly, AP",https://realpython.github.io/fake-jobs/jobs/designer-fashion-clothing-68.html,https://www.realpython.com,2021-04-08,2026-03-28T03:28:18.173247
Chartered loss adjuster,Leblanc LLC,"Lake Antonio, AA",https://realpython.github.io/fake-jobs/jobs/chartered-loss-adjuster-69.html,https://www.realpython.com,2021-04-08,2026-03-28T03:28:18.173247
"Back-End Web Developer (Python, Django)","Jackson, Ali and Mckee","New Elizabethside, AA",https://realpython.github.io/fake-jobs/jobs/back-end-web-developer-python-django-70.html,https://www.realpython.com,2021-04-08,2026-03-28T03:28:18.173247
Forest/woodland manager,"Blankenship, Knight and Powell","Millsbury, AE",https://realpython.github.io/fake-jobs/jobs/forest-woodland-manager-71.html,https://www.realpython.com,2021-04-08,2026-03-28T03:28:18.173247
Clinical cytogeneticist,"Patton, Haynes and Jones","Lloydton, AP",https://realpython.github.io/fake-jobs/jobs/clinical-cytogeneticist-72.html,https://www.realpython.com,2021-04-08,2026-03-28T03:28:18.173247
Print production planner,Wood Inc,"Port Jeremy, AA",https://realpython.github.io/fake-jobs/jobs/print-production-planner-73.html,https://www.realpython.com,2021-04-08,2026-03-28T03:28:18.173247
Systems developer,Collins Group,"New Elizabethtown, AA",https://realpython.github.io/fake-jobs/jobs/systems-developer-74.html,https://www.realpython.com,2021-04-08,2026-03-28T03:28:18.173247
Graphic designer,Flores-Nelson,"Charlesstad, AE",https://realpython.github.io/fake-jobs/jobs/graphic-designer-75.html,https://www.realpython.com,2021-04-08,2026-03-28T03:28:18.173247
Writer,"Mitchell, Jones and Olson","Josephbury, AE",https://realpython.github.io/fake-jobs/jobs/writer-76.html,https://www.realpython.com,2021-04-08,2026-03-28T03:28:18.173247
Field seismologist,Howard Group,"Seanfurt, AA",https://realpython.github.io/fake-jobs/jobs/field-seismologist-77.html,https://www.realpython.com,2021-04-08,2026-03-28T03:28:18.173247
Chief Strategy Officer,Kramer-Edwards,"Williambury, AA",https://realpython.github.io/fake-jobs/jobs/chief-strategy-officer-78.html,https://www.realpython.com,2021-04-08,2026-03-28T03:28:18.173247
Air cabin crew,Berry-Houston,"South Jorgeside, AP",https://realpython.github.io/fake-jobs/jobs/air-cabin-crew-79.html,https://www.realpython.com,2021-04-08,2026-03-28T03:28:18.173247
Python Programmer (Entry-Level),Mathews Inc,"Robertborough, AP",https://realpython.github.io/fake-jobs/jobs/python-programmer-entry-level-80.html,https://www.realpython.com,2021-04-08,2026-03-28T03:28:18.173247
Warden/ranger,Riley-Johnson,"South Saratown, AP",https://realpython.github.io/fake-jobs/jobs/warden-ranger-81.html,https://www.realpython.com,2021-04-08,2026-03-28T03:28:18.173247
Sports therapist,Spencer and Sons,"Hullview, AA",https://realpython.github.io/fake-jobs/jobs/sports-therapist-82.html,https://www.realpython.com,2021-04-08,2026-03-28T03:28:18.173247
Arts development officer,Camacho-Sanchez,"Philipland, AP",https://realpython.github.io/fake-jobs/jobs/arts-development-officer-83.html,https://www.realpython.com,2021-04-08,2026-03-28T03:28:18.173247
Printmaker,Oliver and Sons,"North Patty, AE",https://realpython.github.io/fake-jobs/jobs/printmaker-84.html,https://www.realpython.com,2021-04-08,2026-03-28T03:28:18.173247
Health and safety adviser,Eaton PLC,"North Stephen, AE",https://realpython.github.io/fake-jobs/jobs/health-and-safety-adviser-85.html,https://www.realpython.com,2021-04-08,2026-03-28T03:28:18.173247
Manufacturing systems engineer,Stanley-Frederick,"Stevensland, AP",https://realpython.github.io/fake-jobs/jobs/manufacturing-systems-engineer-86.html,https://www.realpython.com,2021-04-08,2026-03-28T03:28:18.173247
"Programmer, applications",Bradley LLC,"Reyesstad, AE",https://realpython.github.io/fake-jobs/jobs/programmer-applications-87.html,https://www.realpython.com,2021-04-08,2026-03-28T03:28:18.173247
Medical physicist,"Parker, Goodwin and Zavala","Bellberg, AP",https://realpython.github.io/fake-jobs/jobs/medical-physicist-88.html,https://www.realpython.com,2021-04-08,2026-03-28T03:28:18.173247
Media planner,Kim-Miles,"North Johnland, AE",https://realpython.github.io/fake-jobs/jobs/media-planner-89.html,https://www.realpython.com,2021-04-08,2026-03-28T03:28:18.173247
Software Developer (Python),Moreno-Rodriguez,"Martinezburgh, AE",https://realpython.github.io/fake-jobs/jobs/software-developer-python-90.html,https://www.realpython.com,2021-04-08,2026-03-28T03:28:18.173247
"Surveyor, land/geomatics",Brown-Ortiz,"Joshuatown, AE",https://realpython.github.io/fake-jobs/jobs/surveyor-land-geomatics-91.html,https://www.realpython.com,2021-04-08,2026-03-28T03:28:18.173247
Legal executive,Hartman PLC,"West Ericstad, AA",https://realpython.github.io/fake-jobs/jobs/legal-executive-92.html,https://www.realpython.com,2021-04-08,2026-03-28T03:28:18.173247
"Librarian, academic",Brooks Inc,"Tuckertown, AE",https://realpython.github.io/fake-jobs/jobs/librarian-academic-93.html,https://www.realpython.com,2021-04-08,2026-03-28T03:28:18.173247
Barrister,Washington-Castillo,"Perezton, AE",https://realpython.github.io/fake-jobs/jobs/barrister-94.html,https://www.realpython.com,2021-04-08,2026-03-28T03:28:18.173247
Museum/gallery exhibitions officer,"Nguyen, Yoder and Petty","Lake Abigail, AE",https://realpython.github.io/fake-jobs/jobs/museum-gallery-exhibitions-officer-95.html,https://www.realpython.com,2021-04-08,2026-03-28T03:28:18.173247
"Radiographer, diagnostic",Holder LLC,"Jacobshire, AP",https://realpython.github.io/fake-jobs/jobs/radiographer-diagnostic-96.html,https://www.realpython.com,2021-04-08,2026-03-28T03:28:18.173247
Database administrator,Yates-Ferguson,"Port Susan, AE",https://realpython.github.io/fake-jobs/jobs/database-administrator-97.html,https://www.realpython.com,2021-04-08,2026-03-28T03:28:18.173247
Furniture designer,Ortega-Lawrence,"North Tiffany, AA",https://realpython.github.io/fake-jobs/jobs/furniture-designer-98.html,https://www.realpython.com,2021-04-08,2026-03-28T03:28:18.173247
Ship broker,"Fuentes, Walls and Castro","Michelleville, AP",https://realpython.github.io/fake-jobs/jobs/ship-broker-99.html,https://www.realpython.com,2021-04-08,2026-03-28T03:28:18.173247
